1,8
1,10
1,5
1,2
1,10
1,9
1,4
1,6
2,9
2,9
2,8
2,9
2,4
2,6
2,1
2,3
2,2
2,8
2,3
3,4
3,7
3,3
3,3
3,5
3,6
3,9
3,4
3,7
3,3
4,7
4,7
4,2
4,6
4,3
4,2
4,5
4,1
4,6
4,7
5,6
5,4
5,1
5,7
5,3
5,8
5,9
5,3
5,8
5,5
5,10
6,1
6,7
6,1
6,7
6,5
6,10
6,1
6,10
6,4
6,8
7,6
7,7
7,9
7,3
7,10
7,6
7,1
7,2
8,10
8,4
8,4
8,9
8,5
8,2
9,3
9,2
9,6
9,6
9,7
9,6
9,7
9,6
9,6
9,3
10,2
10,4
10,1
10,4
10,8
10,1
10,6
10,10
10,1
11,3
11,10
11,2
11,4
11,6
11,7
11,5
11,2
11,5
11,6
12,4
12,4
12,7
12,5
12,8
12,10
12,5
12,10
13,3
13,8
13,8
13,10
13,5
13,2
13,3
13,6
13,7
14,1
14,1
14,7
14,3
14,7
14,7
14,5
15,2
15,6
15,1
15,4
15,10
15,10
15,10
15,10
15,4
15,10
16,3
16,6
16,3
16,6
16,4
16,6
17,9
17,1
17,7
17,8
17,1
17,7
17,5
17,2
17,1
17,2
17,8
17,8
18,7
18,1
18,7
18,7
18,7
18,7
18,9
19,9
19,2
19,6
19,1
19,8
19,6
19,9
19,2
20,7
20,9
20,1
20,6
20,1
20,10
20,5
20,10
20,5
20,10
20,5
20,10
21,6
21,1
21,9
21,3
21,8
21,9
21,8
21,9
21,8
21,4
21,8
21,10
22,9
22,2
22,7
22,5
22,10
22,3
22,7
22,9
22,1
22,8
22,1
23,4
23,7
23,2
23,8
23,6
23,6
23,1
23,1
24,10
24,2
24,6
24,3
24,2
24,4
24,5
24,1
24,10
24,6
24,6
24,6
25,7
25,7
25,7
25,7
25,1
25,4
25,6
25,6
25,8
25,8
25,9
26,4
26,10
26,2
26,3
26,9
26,2
26,4
26,7
26,10
26,2
27,1
27,6
27,1
27,10
27,7
27,5
27,1
27,6
27,10
27,5
27,10
27,4
28,4
28,8
28,3
28,1
28,7
28,3
28,10
28,1
28,5
28,3
28,10
29,9
29,1
29,1
29,10
29,8
29,5
29,9
29,1
30,1
30,10
30,5
30,10
30,3
30,8
30,9
30,1
31,7
31,1
31,2
31,4
31,1
31,6
31,7
31,8
32,1
32,10
32,7
32,8
32,9
32,9
33,9
33,4
33,8
33,2
33,1
33,1
33,7
33,7
34,4
34,6
34,1
34,9
34,8
34,9
34,10
34,9
35,6
35,7
35,7
35,5
35,1
35,9
35,8
35,1
35,3
35,8
35,9
35,3
36,8
36,1
36,2
36,5
36,1
36,2
36,2
36,3
36,10
36,6
36,7
36,6
37,9
37,9
37,8
37,9
37,8
37,10
37,2
37,4
37,1
37,10
37,10
37,5
38,9
38,1
38,3
38,3
38,7
38,9
38,4
38,1
39,9
39,2
39,6
39,9
39,8
39,1
39,7
39,10
39,8
39,6
40,3
40,10
40,6
40,4
40,9
40,4
40,7
40,2
40,10
40,6
41,3
41,10
41,7
41,6
41,4
41,7
41,6
42,6
42,3
42,10
42,6
42,4
42,8
42,5
42,5
42,2
42,4
42,6
42,1
43,9
43,3
43,6
43,10
43,3
43,7
43,5
44,10
44,4
44,6
44,10
44,9
44,2
44,4
44,7
44,6
44,7
44,7
45,2
45,10
45,5
45,2
45,2
45,4
45,6
46,9
46,8
46,4
46,6
46,1
46,7
47,6
47,1
47,6
47,5
47,10
47,4
47,10
47,9
47,8
47,8
47,8
48,10
48,2
48,3
48,5
48,5
48,1
48,3
48,7
48,6
49,3
49,2
49,6
49,1
49,2
49,3
49,4
49,7
49,5
50,4
50,10
50,9
50,3
50,2
50,2
50,4
50,7
50,9
50,8
50,9
51,4
51,7
51,5
51,10
51,10
51,4
51,6
51,1
52,7
52,5
52,10
52,5
52,5
52,9
52,3
52,9
52,3
52,6
52,1
53,4
53,6
53,6
53,9
53,4
53,7
53,6
53,10
53,1
53,7
53,9
53,7
54,9
54,9
54,9
54,7
54,6
54,6
54,9
54,2
54,3
54,2
54,7
54,9
55,10
55,2
55,5
55,2
55,5
55,2
55,6
56,9
56,3
56,5
56,5
56,10
56,1
56,10
56,9
57,8
57,3
57,6
57,1
57,6
57,1
57,7
57,1
57,10
57,2
57,3
58,1
58,2
58,7
58,6
58,9
58,4
58,10
58,7
58,1
58,7
58,3
58,1
59,5
59,10
59,1
59,6
59,1
59,7
59,6
59,10
59,1
59,7
60,8
60,6
60,10
60,8
60,4
60,6
60,7
60,2
60,8
60,1
60,2
61,1
61,8
61,9
61,4
61,6
61,7
61,9
61,3
61,8
61,9
61,8
61,8
62,10
62,2
62,6
62,4
62,5
62,7
62,7
62,7
63,3
63,2
63,5
63,5
63,9
63,3
63,5
63,7
63,1
64,3
64,6
64,6
64,1
64,6
64,5
64,7
64,4
64,3
65,7
65,6
65,1
65,9
65,3
65,8
65,9
65,10
65,1
65,7
66,5
66,10
66,9
66,9
66,8
66,10
66,7
66,9
66,8
66,10
66,5
66,8
67,4
67,1
67,10
67,10
67,5
67,10
67,10
67,1
67,7
67,5
68,2
68,6
68,5
68,4
68,7
68,6
68,8
68,6
68,5
68,3
68,5
68,2
69,7
69,6
69,7
69,6
69,7
69,2
69,6
69,7
69,7
69,5
69,7
70,3
70,2
70,4
70,6
70,7
70,10
70,6
70,2
71,10
71,4
71,7
71,10
71,4
71,6
71,8
71,10
71,9
71,3
72,9
72,1
72,5
72,2
72,2
72,3
72,3
72,10
72,10
72,8
72,5
72,3
73,1
73,9
73,7
73,5
73,10
73,7
73,2
73,2
73,1
73,2
74,8
74,1
74,2
74,4
74,6
74,4
74,9
74,2
74,4
74,10
75,1
75,3
75,6
75,1
75,3
75,2
75,5
75,10
75,1
75,10
76,6
76,1
76,9
76,9
76,8
76,9
76,8
76,8
77,3
77,8
77,10
77,6
77,6
77,8
77,1
78,7
78,1
78,3
78,10
78,7
78,7
78,7
78,7
79,4
79,7
79,7
79,1
79,8
79,1
79,3
80,1
80,2
80,6
80,7
80,9
80,1
80,2
80,6
80,3
80,4
80,10
81,10
81,6
81,4
81,6
81,6
81,3
81,2
81,6
81,10
81,5
82,8
82,2
82,6
82,10
82,6
82,1
82,2
82,6
83,3
83,10
83,4
83,8
83,10
83,2
83,6
84,4
84,7
84,6
84,3
84,5
84,6
84,10
84,7
84,9
84,3
84,6
84,9
85,1
85,10
85,10
85,4
85,3
85,9
85,3
85,10
85,4
85,1
86,7
86,1
86,2
86,6
86,7
86,8
86,1
86,7
86,8
86,1
86,2
86,9
87,9
87,8
87,5
87,10
87,5
87,10
88,7
88,5
88,5
88,1
88,5
88,5
88,5
89,6
89,1
89,9
89,8
89,8
89,4
90,3
90,2
90,6
90,4
90,9
90,4
90,7
90,6
90,7
90,9
90,2
91,10
91,5
91,10
91,2
91,4
91,10
91,2
92,9
92,7
92,6
92,3
92,7
92,10
92,8
92,1
92,7
92,10
92,2
92,10
93,9
93,1
93,3
93,4
93,7
93,3
93,7
93,1
93,3
94,10
94,6
94,1
94,4
94,7
94,7
94,7
94,1
94,5
95,2
95,9
95,8
95,10
95,7
95,7
96,9
96,7
96,7
96,7
96,1
96,1
96,2
96,2
96,6
96,1
97,4
97,10
97,1
97,3
97,8
97,9
97,9
98,8
98,8
98,6
98,6
98,8
98,1
98,5
99,7
99,9
99,1
99,8
99,8
99,10
99,9
99,3
99,2
99,4
99,5
99,9
100,10
100,2
100,4
100,10
100,6
100,6
100,4
100,8
100,8
100,8
100,9
100,1
101,4
101,6
101,1
101,7
101,5
101,3
102,1
102,7
102,6
102,1
102,7
102,9
102,8
102,9
102,9
102,8
102,3
103,4
103,8
103,9
103,3
103,5
103,7
103,9
103,9
103,8
103,8
103,9
103,8
104,7
104,9
104,4
104,6
104,8
104,5
104,10
104,2
104,7
105,7
105,7
105,4
105,6
105,10
105,9
105,3
105,10
105,1
105,6
106,10
106,1
106,10
106,1
106,7
106,5
106,10
106,1
106,4
106,6
106,1
107,6
107,10
107,9
107,8
107,9
107,3
107,8
107,10
107,1
107,7
108,9
108,1
108,2
108,4
108,9
108,4
108,7
108,7
108,3
109,7
109,5
109,10
109,7
109,8
109,9
109,8
109,9
109,8
109,10
110,8
110,6
110,2
110,8
110,5
110,2
110,7
110,5
110,2
110,9
111,4
111,1
111,3
111,8
111,9
111,3
111,2
111,8
111,10
111,3
111,2
112,1
112,7
112,3
112,8
112,3
112,5
112,5
113,3
113,5
113,7
113,6
113,10
113,6
113,6
113,6
113,3
113,6
113,7
114,7
114,9
114,7
114,2
114,6
114,6
114,6
114,7
114,7
114,1
114,2
115,9
115,2
115,5
115,9
115,5
115,9
115,3
115,10
115,2
115,10
115,4
116,9
116,9
116,8
116,9
116,10
116,4
116,1
116,1
116,10
116,1
116,10
117,9
117,9
117,9
117,4
117,7
117,6
117,9
117,1
117,5
117,3
117,10
118,4
118,4
118,6
118,10
118,4
118,10
118,5
118,2
119,6
119,1
119,3
119,7
119,7
119,5
119,2
119,6
119,1
119,5
120,1
120,6
120,7
120,7
120,4
120,7
120,6
120,10
120,8
120,5
120,5
121,2
121,2
121,6
121,1
121,6
121,10
121,1
121,10
121,5
121,10
121,9
122,5
122,10
122,8
122,9
122,8
122,5
122,10
122,1
122,10
122,5
122,10
122,2
123,1
123,3
123,2
123,2
123,3
123,6
123,1
123,7
123,4
123,4
123,1
123,7
124,6
124,6
124,6
124,4
124,7
124,1
124,6
124,8
124,10
125,2
125,1
125,10
125,5
125,10
125,1
125,10
125,10
125,10
126,7
126,10
126,8
126,10
126,6
126,1
126,1
126,2
126,2
126,6
126,8
127,9
127,4
127,10
127,8
127,6
127,9
127,4
128,10
128,8
128,8
128,8
128,1
128,2
128,3
128,8
128,2
128,6
128,4
129,9
129,5
129,2
129,5
129,1
129,2
129,6
130,3
130,7
130,1
130,6
130,6
130,7
130,5
130,5
130,1
130,2
131,8
131,9
131,4
131,4
131,4
131,6
131,1
131,6
131,6
131,2
132,5
132,10
132,1
132,9
132,3
132,9
132,6
132,7
132,8
133,9
133,1
133,2
133,8
133,6
133,9
133,1
133,1
133,1
133,7
133,6
133,8
134,9
134,3
134,10
134,3
134,2
134,6
134,7
134,1
134,3
135,1
135,9
135,8
135,1
135,7
135,9
135,10
135,10
135,4
136,10
136,2
136,10
136,9
136,2
136,6
136,6
136,8
137,2
137,2
137,5
137,10
137,10
137,4
138,1
138,2
138,2
138,8
138,1
138,8
138,8
138,6
139,4
139,4
139,8
139,1
139,9
139,3
140,7
140,1
140,2
140,6
140,7
140,5
140,2
140,2
140,2
141,3
141,4
141,9
141,2
141,5
141,7
141,7
141,1
141,4
141,6
142,6
142,3
142,9
142,4
142,7
142,4
142,7
142,4
142,1
142,6
142,4
143,3
143,5
143,10
143,3
143,2
143,1
143,3
143,6
143,1
143,7
144,3
144,10
144,4
144,10
144,2
144,10
144,2
145,10
145,5
145,10
145,1
145,7
145,4
145,8
145,8
145,4
145,6
145,1
146,3
146,4
146,8
146,1
146,1
146,1
146,9
146,8
146,8
147,7
147,10
147,6
147,4
147,6
147,8
148,6
148,10
148,3
148,9
148,8
148,3
149,6
149,1
149,6
149,8
149,5
149,10
149,5
149,8
150,1
150,7
150,7
150,5
150,8
150,10
150,6
150,7
150,1
150,5
151,6
151,1
151,1
151,1
151,3
151,8
151,3
151,8
151,9
151,8
151,9
151,3
152,6
152,5
152,10
152,3
152,2
152,2
152,2
152,2
152,5
152,10
152,1
152,7
153,6
153,7
153,8
153,3
153,2
153,5
153,10
153,2
153,4
153,1
153,7
154,4
154,7
154,8
154,9
154,7
154,10
154,6
154,3
155,9
155,1
155,2
155,8
155,9
155,4
155,7
155,6
155,3
155,1
156,3
156,5
156,7
156,1
156,2
156,2
156,7
157,5
157,7
157,4
157,3
157,10
157,2
157,1
157,8
157,3
157,5
157,7
158,1
158,9
158,3
158,2
158,2
158,2
158,2
159,1
159,7
159,9
159,8
159,5
159,10
159,10
159,5
159,10
159,5
159,5
160,10
160,5
160,10
160,6
160,7
160,3
160,6
160,7
160,1
160,3
160,6
160,3
161,1
161,7
161,5
161,3
161,5
161,2
161,10
161,8
161,3
162,8
162,1
162,5
162,2
162,2
162,2
163,1
163,6
163,1
163,3
163,5
163,5
163,10
163,1
163,8
164,1
164,1
164,7
164,7
164,8
164,8
164,9
164,8
164,9
164,3
164,2
165,9
165,1
165,5
165,3
165,10
165,1
165,7
166,10
166,5
166,7
166,6
166,7
166,7
167,3
167,2
167,3
167,2
167,5
167,7
167,5
167,5
167,9
167,9
167,4
168,3
168,8
168,10
168,1
168,7
168,4
168,6
168,7
168,4
169,2
169,5
169,10
169,10
169,10
169,8
170,8
170,8
170,7
170,1
170,7
170,6
170,3
170,8
170,10
170,9
170,2
170,5
171,4
171,3
171,6
171,1
171,1
171,10
171,1
171,7
171,5
172,6
172,1
172,6
172,1
172,6
172,1
172,6
172,5
172,10
172,1
173,9
173,3
173,2
173,5
173,1
173,7
173,1
173,9
173,1
173,4
173,1
174,4
174,1
174,6
174,1
174,6
174,1
174,1
174,9
174,4
174,1
174,6
174,1
175,9
175,7
175,6
175,9
175,1
175,3
176,9
176,7
176,7
176,1
176,3
176,5
176,7
176,1
177,1
177,6
177,9
177,4
177,7
177,7
177,5
178,3
178,2
178,6
178,3
178,2
178,10
178,2
178,6
178,4
179,4
179,8
179,10
179,3
179,3
179,4
180,9
180,1
180,5
180,7
180,6
180,6
181,9
181,1
181,2
181,5
181,7
181,10
181,2
181,6
182,6
182,8
182,3
182,8
182,5
182,9
182,3
182,8
182,9
182,8
182,3
182,2
183,9
183,7
183,1
183,1
183,8
183,2
183,7
183,6
183,7
183,2
183,2
183,9
184,9
184,4
184,6
184,1
184,9
184,7
184,6
184,4
184,6
184,4
184,6
185,5
185,7
185,1
185,3
185,10
185,7
186,4
186,10
186,10
186,1
186,7
186,9
186,5
186,10
186,4
186,1
186,6
187,9
187,9
187,4
187,5
187,7
187,1
188,3
188,7
188,7
188,5
188,2
188,3
188,2
189,9
189,1
189,2
189,6
189,6
189,1
190,10
190,6
190,4
190,4
190,5
190,2
190,6
191,9
191,4
191,4
191,7
191,3
191,5
191,4
191,3
191,7
191,9
192,3
192,5
192,9
192,4
192,1
192,2
192,6
192,7
192,6
192,1
193,9
193,7
193,5
193,7
193,5
193,7
193,1
193,7
194,6
194,10
194,1
194,6
194,1
194,10
194,9
194,9
194,5
194,5
194,10
195,9
195,7
195,3
195,10
195,8
195,9
195,3
195,10
195,1
195,8
195,1
196,9
196,7
196,8
196,2
196,6
196,6
197,7
197,7
197,8
197,10
197,6
197,1
198,10
198,6
198,3
198,2
198,3
198,9
198,10
198,6
199,1
199,10
199,8
199,5
199,10
199,10
199,1
199,4
200,9
200,1
200,1
200,3
200,10
200,8
200,1
201,8
201,1
201,6
201,3
201,5
201,7
201,10
201,2
201,10
201,4
201,4
202,10
202,2
202,3
202,6
202,4
202,6
202,7
202,2
203,3
203,2
203,6
203,3
203,10
203,2
203,10
203,6
203,8
203,1
203,2
204,4
204,5
204,1
204,5
204,10
204,1
204,7
204,9
204,1
204,3
204,3
204,7
205,7
205,7
205,6
205,7
205,9
205,10
205,10
205,9
205,2
206,8
206,1
206,1
206,2
206,8
206,1
206,2
206,6
206,6
207,6
207,8
207,10
207,5
207,10
207,10
208,3
208,2
208,6
208,7
208,3
208,5
208,7
209,4
209,7
209,6
209,1
209,10
209,10
209,1
209,6
209,7
209,6
209,1
209,10
210,1
210,7
210,4
210,1
210,6
210,1
210,3
211,10
211,8
211,1
211,8
211,5
211,2
211,5
211,5
211,5
211,7
212,8
212,6
212,9
212,4
212,8
212,4
212,10
212,5
212,2
213,6
213,1
213,7
213,8
213,1
213,7
214,6
214,1
214,7
214,8
214,2
214,2
214,6
214,1
214,7
214,6
214,1
214,6
215,4
215,6
215,10
215,4
215,4
215,1
216,3
216,2
216,5
216,2
216,5
216,7
216,9
216,2
216,5
216,7
217,1
217,6
217,1
217,6
217,10
217,1
217,6
217,1
217,1
217,6
217,1
217,9
218,4
218,7
218,1
218,8
218,5
218,10
218,1
218,9
218,8
218,8
219,8
219,7
219,7
219,7
219,1
219,2
219,6
219,3
220,8
220,10
220,6
220,8
220,4
220,9
221,3
221,4
221,4
221,10
221,6
221,7
221,6
221,4
221,6
221,6
222,1
222,7
222,10
222,4
222,10
222,5
222,10
222,3
222,8
222,4
222,7
223,3
223,5
223,10
223,4
223,5
223,1
223,6
223,7
224,4
224,1
224,1
224,10
224,7
224,9
224,9
224,8
224,9
224,8
225,3
225,2
225,6
225,3
225,10
225,6
225,7
225,9
225,9
226,6
226,10
226,9
226,4
226,10
226,9
227,3
227,10
227,6
227,6
227,1
227,4
227,6
227,7
227,1
227,3
227,4
227,6
228,10
228,6
228,3
228,1
228,8
228,1
228,3
228,7
229,10
229,2
229,4
229,4
229,6
229,6
229,7
229,9
230,9
230,1
230,7
230,5
230,2
230,5
230,2
230,5
230,1
230,2
230,7
231,4
231,5
231,5
231,8
231,8
231,1
231,6
231,4
231,1
232,3
232,2
232,4
232,4
232,10
232,2
232,6
232,2
232,4
233,9
233,1
233,1
233,7
233,3
233,10
233,8
233,1
233,3
233,1
234,9
234,2
234,10
234,8
234,1
234,2
234,3
235,4
235,8
235,2
235,7
235,9
235,5
235,4
235,8
235,2
236,8
236,1
236,2
236,5
236,10
236,4
236,6
236,8
236,10
236,6
237,4
237,4
237,2
237,10
237,2
237,5
237,6
237,5
237,4
238,6
238,4
238,10
238,9
238,10
238,10
238,10
238,5
238,10
238,5
239,4
239,10
239,10
239,8
239,5
239,10
239,1
239,3
239,6
239,3
240,7
240,1
240,3
240,10
240,8
240,1
240,1
240,1
240,2
240,10
240,4
241,7
241,8
241,9
241,1
241,2
241,3
241,7
241,1
241,1
241,6
241,4
241,10
242,9
242,9
242,7
242,3
242,7
242,1
243,2
243,10
243,10
243,5
243,5
243,10
243,4
244,6
244,8
244,8
244,10
244,8
244,9
245,9
245,4
245,4
245,9
245,2
245,5
245,9
246,4
246,10
246,6
246,6
246,10
246,8
246,10
246,2
246,5
246,5
246,7
247,9
247,9
247,4
247,10
247,2
247,5
248,10
248,8
248,8
248,8
248,1
248,3
248,2
249,10
249,6
249,4
249,4
249,6
249,1
249,7
249,6
249,10
249,2
249,6
250,6
250,3
250,6
250,7
250,1
250,10
250,2
250,4
250,1
251,7
251,5
251,5
251,2
251,5
251,2
251,6
251,2
252,5
252,10
252,10
252,4
252,6
252,10
252,1
252,8
252,3
252,5
253,1
253,7
253,10
253,2
253,2
253,2
253,2
253,2
253,6
253,4
253,5
253,5
254,6
254,1
254,10
254,5
254,7
254,6
255,6
255,7
255,7
255,5
255,5
255,10
255,2
255,6
255,8
255,10
256,8
256,6
256,6
256,10
256,6
256,6
256,4
256,7
256,6
256,10
257,4
257,6
257,1
257,4
257,5
257,7
257,5
257,5
257,9
257,4
257,5
257,10
258,9
258,1
258,1
258,7
258,2
258,7
258,6
259,6
259,3
259,8
259,9
259,3
259,8
259,9
259,8
259,8
259,1
260,3
260,2
260,7
260,6
260,3
260,10
261,9
261,2
261,3
261,4
261,5
261,5
262,7
262,5
262,2
262,6
262,3
262,3
262,2
262,6
262,8
262,10
263,4
263,3
263,8
263,9
263,9
263,3
264,10
264,2
264,5
264,9
264,4
264,4
265,10
265,2
265,4
265,6
265,7
265,9
266,8
266,2
266,8
266,6
266,3
266,2
266,8
266,3
266,5
267,8
267,1
267,2
267,10
267,2
267,10
267,2
267,5
267,5
267,2
267,6
268,2
268,3
268,6
268,10
268,4
268,1
268,6
268,8
268,9
268,8
268,10
268,1
269,3
269,6
269,7
269,5
269,9
269,9
269,2
270,10
270,2
270,2
270,5
270,9
270,3
270,2
270,6
270,3
270,2
270,2
271,1
271,7
271,6
271,1
271,4
271,10
271,1
271,9
271,3
271,10
271,4
272,3
272,2
272,3
272,2
272,5
272,7
272,7
272,6
272,4
272,3
272,6
272,4
273,3
273,2
273,6
273,8
273,9
273,4
273,5
273,2
274,9
274,9
274,7
274,3
274,2
274,10
275,1
275,7
275,9
275,8
275,1
275,7
275,1
275,5
275,2
275,6
275,10
276,10
276,5
276,4
276,5
276,2
276,2
276,4
276,6
276,8
277,4
277,7
277,1
277,3
277,5
277,1
277,7
277,1
278,8
278,10
278,2
278,6
278,4
278,9
279,8
279,2
279,7
279,2
279,8
279,6
280,7
280,1
280,2
280,4
280,6
280,4
280,9
280,4
281,9
281,4
281,3
281,9
281,9
281,1
281,6
282,9
282,1
282,2
282,8
282,5
282,6
282,1
282,7
282,5
283,1
283,7
283,10
283,1
283,6
283,1
283,3
283,8
283,9
283,10
283,1
283,3
284,6
284,1
284,4
284,1
284,7
284,7
284,5
284,10
285,9
285,2
285,3
285,10
285,6
285,7
285,1
285,1
286,9
286,1
286,3
286,1
286,7
286,6
286,6
286,9
286,6
286,9
286,4
287,8
287,10
287,4
287,9
287,4
287,6
287,2
287,7
288,10
288,6
288,3
288,2
288,6
288,1
288,2
288,9
288,9
288,1
288,1
288,2
289,4
289,6
289,6
289,10
289,4
289,7
289,9
289,2
289,2
289,5
289,2
289,3
290,5
290,7
290,9
290,5
290,10
290,8
290,2
290,5
290,7
290,6
291,3
291,6
291,2
291,6
291,6
291,3
291,1
291,2
291,6
291,3
291,2
292,6
292,1
292,6
292,8
292,10
292,4
292,1
293,7
293,7
293,7
293,7
293,7
293,6
293,8
293,1
293,4
293,5
294,4
294,3
294,7
294,5
294,3
294,8
294,9
294,1
295,10
295,5
295,9
295,5
295,9
295,5
295,9
295,3
295,5
296,3
296,2
296,6
296,2
296,6
296,6
296,8
297,6
297,1
297,7
297,8
297,5
297,10
297,3
297,5
297,5
297,10
297,10
297,1
298,10
298,2
298,10
298,4
298,5
298,6
298,3
298,9
299,6
299,1
299,3
299,6
299,10
299,9
299,8
299,7
299,5
300,5
300,4
300,1
300,5
300,3
300,5
300,6
300,2
300,3
300,1
300,7
301,7
301,10
301,7
301,7
301,9
301,2
302,1
302,10
302,2
302,2
302,2
302,4
302,10
302,1
302,7
303,9
303,10
303,4
303,7
303,5
303,5
303,10
303,1
303,7
303,9
303,4
304,7
304,1
304,6
304,7
304,7
304,7
304,1
304,2
304,6
304,6
305,6
305,5
305,10
305,1
305,3
305,4
305,10
305,7
306,3
306,4
306,7
306,4
306,10
306,9
306,3
306,2
306,3
306,4
307,10
307,4
307,9
307,2
307,6
307,3
307,7
307,7
307,7
307,6
307,8
307,10
308,6
308,10
308,9
308,8
308,1
308,10
308,4
308,1
308,5
308,10
308,4
308,1
309,1
309,7
309,6
309,9
309,1
309,1
309,7
309,9
309,7
309,9
309,7
310,10
310,1
310,7
310,2
310,5
310,5
310,5
311,4
311,10
311,1
311,3
311,8
311,10
311,1
311,7
312,3
312,4
312,6
312,1
312,3
312,8
312,10
312,2
312,6
313,9
313,7
313,9
313,7
313,3
313,10
313,8
313,1
314,1
314,6
314,10
314,9
314,8
314,9
314,5
314,10
314,9
315,4
315,1
315,7
315,8
315,9
315,8
315,9
315,8
315,9
315,3
315,2
316,6
316,1
316,7
316,8
316,9
316,9
317,9
317,3
317,4
317,6
317,6
317,1
317,7
317,2
317,3
317,4
317,6
317,3
318,9
318,1
318,5
318,5
318,5
318,7
318,7
318,1
318,7
318,1
319,8
319,10
319,5
319,2
319,3
319,7
319,10
319,2
319,5
319,10
319,8
319,10
320,3
320,5
320,1
320,1
320,3
320,4
320,9
320,2
320,5
320,3
320,7
321,4
321,8
321,9
321,8
321,9
321,9
321,8
321,8
321,3
322,2
322,10
322,5
322,1
322,6
322,1
322,1
322,7
322,5
322,10
322,9
322,3
323,2
323,6
323,1
323,6
323,10
323,7
323,1
324,1
324,10
324,2
324,2
324,5
324,1
325,9
325,1
325,2
325,6
325,3
325,2
326,3
326,2
326,2
326,6
326,7
326,7
326,7
327,7
327,10
327,3
327,3
327,6
327,5
327,7
327,7
327,2
328,9
328,2
328,10
328,4
328,7
328,10
328,10
329,9
329,9
329,1
329,2
329,6
329,9
329,8
329,2
329,4
329,3
329,1
330,8
330,8
330,8
330,8
330,10
330,9
331,2
331,2
331,2
331,2
331,1
331,4
331,8
331,10
331,8
331,5
331,10
332,4
332,7
332,7
332,9
332,8
332,5
332,5
332,10
332,1
332,7
332,5
332,10
333,10
333,2
333,6
333,3
333,4
333,5
333,1
334,9
334,4
334,8
334,6
334,4
334,6
334,10
334,8
334,5
334,6
335,5
335,9
335,8
335,8
335,8
335,2
335,7
335,5
335,10
335,1
335,7
336,7
336,7
336,8
336,5
336,7
336,6
336,3
336,2
337,3
337,6
337,6
337,3
337,6
337,8
337,10
337,4
337,6
338,8
338,10
338,9
338,2
338,6
338,3
338,6
338,3
338,8
338,10
338,8
339,4
339,6
339,10
339,1
339,7
339,7
340,2
340,5
340,8
340,5
340,2
340,2
340,2
341,8
341,10
341,5
341,5
341,2
341,6
341,4
341,5
342,6
342,10
342,1
342,7
342,5
342,10
342,1
343,7
343,7
343,10
343,6
343,3
343,3
343,8
343,7
344,4
344,2
344,6
344,3
344,8
344,10
344,4
345,10
345,10
345,10
345,10
345,10
345,8
346,8
346,10
346,2
346,6
346,2
346,10
346,4
346,5
346,2
346,8
346,9
346,4
347,3
347,2
347,6
347,7
347,6
347,1
347,1
347,3
348,9
348,9
348,1
348,2
348,8
348,3
348,8
348,5
348,10
349,9
349,4
349,7
349,5
349,5
349,1
349,9
349,3
349,3
350,3
350,2
350,5
350,3
350,2
350,6
350,1
350,2
350,10
351,6
351,1
351,7
351,9
351,8
351,9
351,8
351,9
351,3
351,6
351,10
352,9
352,7
352,2
352,2
352,8
352,4
352,1
352,7
353,10
353,1
353,9
353,8
353,3
353,2
353,2
353,1
353,3
353,8
353,5
353,10
354,5
354,10
354,1
354,6
354,10
354,1
355,10
355,2
355,4
355,6
355,7
355,6
355,4
355,4
355,7
355,4
356,2
356,5
356,10
356,1
356,4
356,1
356,9
356,8
357,10
357,9
357,1
357,2
357,5
357,9
357,5
357,5
358,9
358,5
358,1
358,7
358,4
358,6
358,9
358,1
359,8
359,10
359,10
359,4
359,10
359,6
359,1
359,9
359,3
359,5
360,5
360,10
360,7
360,3
360,6
360,1
360,7
361,10
361,8
361,3
361,2
361,6
361,1
361,10
361,4
362,10
362,2
362,5
362,2
362,2
362,10
362,3
363,4
363,7
363,4
363,7
363,1
363,7
364,9
364,2
364,6
364,4
364,6
364,3
364,2
364,5
365,10
365,4
365,4
365,4
365,4
365,6
366,6
366,10
366,5
366,1
366,9
366,9
366,3
366,2
366,3
366,5
366,10
366,10
367,6
367,6
367,4
367,6
367,8
367,1
367,9
367,2
367,6
367,3
367,8
368,8
368,1
368,1
368,8
368,10
368,6
368,3
368,8
368,4
368,9
369,9
369,8
369,9
369,5
369,10
369,10
369,1
369,7
369,5
369,10
369,1
370,1
370,4
370,1
370,2
370,2
370,2
370,7
370,1
370,10
370,10
370,1
370,7
371,6
371,1
371,3
371,9
371,8
371,9
371,8
371,9
371,3
371,2
372,6
372,1
372,4
372,1
372,5
372,8
372,1
372,6
372,1
372,3
373,7
373,7
373,5
373,5
373,7
373,10
374,7
374,9
374,5
374,9
374,1
374,7
374,1
374,2
375,10
375,5
375,2
375,5
375,2
375,6
375,7
375,1
375,2
375,10
376,3
376,4
376,7
376,7
376,10
376,10
376,4
376,10
376,6
376,2
377,8
377,10
377,6
377,6
377,8
377,1
377,2
377,5
377,1
377,3
377,4
377,6
378,10
378,9
378,2
378,2
378,2
378,3
378,2
379,7
379,5
379,10
379,1
379,4
379,4
379,3
379,5
379,10
379,1
380,9
380,1
380,2
380,4
380,1
380,3
380,10
381,3
381,4
381,3
381,9
381,2
381,6
381,3
381,2
382,4
382,6
382,4
382,9
382,2
382,10
382,2
382,5
382,2
382,3
382,2
382,2
383,7
383,5
383,7
383,1
383,2
383,7
383,7
383,1
384,3
384,2
384,4
384,1
384,6
384,8
384,9
384,8
385,1
385,2
385,7
385,2
385,1
385,8
385,6
385,9
385,7
386,6
386,1
386,10
386,6
386,1
386,1
387,7
387,1
387,2
387,4
387,5
387,2
387,7
387,6
388,6
388,1
388,2
388,10
388,3
388,2
388,1
388,10
388,1
388,4
389,3
389,5
389,6
389,8
389,9
389,9
389,3
389,6
389,4
389,10
390,6
390,10
390,10
390,5
390,5
390,8
390,10
390,5
390,10
390,5
390,1
390,7
391,1
391,7
391,7
391,2
391,2
391,2
391,9
391,8
391,2
391,2
392,6
392,1
392,7
392,4
392,6
392,10
392,10
392,1
392,7
393,6
393,10
393,2
393,4
393,8
393,3
393,6
393,1
393,7
393,1
394,4
394,7
394,1
394,9
394,2
394,9
395,1
395,1
395,1
395,5
395,4
395,3
395,1
395,7
395,3
395,7
395,6
395,6
396,1
396,3
396,10
396,8
396,5
396,7
396,6
397,6
397,1
397,2
397,6
397,1
397,7
397,6
397,4
398,7
398,5
398,2
398,2
398,10
398,4
398,4
398,10
399,10
399,6
399,1
399,3
399,3
399,7
399,7
399,5
399,4
399,10
400,3
400,8
400,1
400,7
400,1
400,3
400,8
400,9
400,8
401,10
401,2
401,5
401,2
401,6
401,3
401,10
401,9
402,3
402,2
402,5
402,9
402,5
402,2
402,6
402,4
402,5
402,2
402,6
402,5
403,1
403,1
403,3
403,2
403,4
403,8
403,10
403,10
403,1
403,10
403,5
404,1
404,2
404,9
404,1
404,5
404,6
404,2
404,8
404,1
404,3
404,5
404,7
405,9
405,7
405,5
405,7
405,8
405,9
405,3
405,2
405,6
406,9
406,9
406,5
406,3
406,3
406,7
406,5
406,3
406,7
406,1
407,3
407,8
407,7
407,6
407,6
407,4
407,9
407,3
408,9
408,9
408,1
408,3
408,6
408,3
408,2
408,8
409,2
409,7
409,5
409,10
409,3
409,9
409,8
409,3
409,7
410,3
410,5
410,5
410,10
410,10
410,4
410,1
411,8
411,10
411,6
411,1
411,9
411,2
411,6
412,10
412,10
412,1
412,10
412,3
412,6
412,1
412,7
412,6
413,4
413,4
413,5
413,2
413,5
413,9
414,3
414,10
414,2
414,6
414,10
414,6
414,1
414,1
414,9
415,5
415,7
415,6
415,1
415,7
415,7
415,9
415,8
415,1
415,9
415,3
415,3
416,6
416,10
416,2
416,7
416,9
416,8
416,6
416,5
416,5
416,10
416,5
417,9
417,5
417,2
417,7
417,2
417,1
418,6
418,1
418,7
418,6
418,4
418,1
418,10
418,10
418,10
418,5
419,10
419,9
419,2
419,5
419,5
419,2
419,6
420,8
420,4
420,1
420,7
420,6
420,1
421,9
421,9
421,1
421,2
421,1
421,7
421,4
421,1
422,9
422,8
422,5
422,10
422,1
422,7
422,6
422,5
422,10
422,8
423,2
423,2
423,2
423,1
423,7
423,5
423,5
423,7
423,3
424,4
424,1
424,5
424,7
424,5
424,10
425,9
425,9
425,7
425,9
425,1
425,2
425,6
425,3
425,5
425,2
425,6
426,6
426,7
426,1
426,2
426,2
426,6
426,8
426,10
426,6
427,3
427,5
427,10
427,6
427,3
427,6
427,4
427,10
427,2
427,4
427,9
428,6
428,5
428,10
428,4
428,1
428,6
428,1
429,9
429,7
429,9
429,9
429,7
429,6
430,10
430,8
430,9
430,3
430,8
430,10
430,1
430,10
430,9
431,3
431,6
431,2
431,10
431,6
431,1
431,2
431,6
431,6
432,7
432,3
432,10
432,9
432,5
432,2
433,3
433,10
433,2
433,2
433,6
433,7
434,4
434,8
434,1
434,6
434,1
434,6
435,7
435,3
435,2
435,6
435,4
435,6
436,9
436,8
436,4
436,2
436,2
436,5
436,10
437,8
437,10
437,2
437,10
437,6
437,1
437,9
437,4
437,5
437,1
438,2
438,8
438,5
438,8
438,8
438,9
438,6
438,7
438,8
439,9
439,9
439,8
439,9
439,8
439,8
439,10
439,9
439,3
439,10
439,1
439,6
440,4
440,5
440,10
440,2
440,6
440,4
441,1
441,6
441,1
441,7
441,9
441,9
441,9
441,7
441,6
441,1
441,7
441,5
442,8
442,9
442,3
442,9
442,3
442,2
442,7
442,6
442,4
442,4
443,3
443,2
443,10
443,2
443,3
443,7
443,6
443,6
443,7
443,7
443,2
443,6
444,10
444,2
444,5
444,1
444,1
444,6
445,9
445,8
445,9
445,8
445,1
445,7
446,6
446,1
446,10
446,9
446,9
446,9
446,4
446,8
446,1
446,6
446,3
446,5
447,9
447,9
447,1
447,2
447,5
447,7
447,6
447,7
447,1
448,4
448,6
448,2
448,5
448,5
448,2
448,6
448,7
448,7
449,3
449,9
449,9
449,2
449,1
449,2
450,9
450,6
450,6
450,8
450,8
450,6
450,1
450,8
450,5
450,3
451,2
451,8
451,9
451,3
451,5
451,5
451,9
451,3
451,2
451,2
451,2
452,7
452,7
452,2
452,5
452,5
452,2
452,5
452,2
452,6
452,4
452,6
452,3
453,7
453,6
453,3
453,6
453,4
453,6
453,6
453,7
453,5
454,9
454,4
454,8
454,9
454,7
454,9
454,9
454,4
455,9
455,4
455,3
455,9
455,2
455,4
455,10
455,8
456,10
456,10
456,1
456,7
456,5
456,10
456,1
457,10
457,6
457,3
457,3
457,2
457,10
457,9
458,6
458,2
458,5
458,10
458,6
458,7
458,7
458,2
458,4
459,4
459,3
459,8
459,5
459,10
459,1
459,10
459,1
459,4
459,6
460,3
460,8
460,5
460,1
460,7
460,4
460,1
460,9
460,8
460,9
461,3
461,9
461,5
461,1
461,6
461,3
461,3
461,8
461,10
461,2
461,5
462,8
462,8
462,10
462,5
462,7
462,5
462,2
463,6
463,1
463,3
463,8
463,9
463,9
463,8
463,9
463,9
463,10
463,10
464,9
464,1
464,7
464,6
464,7
464,9
464,3
464,10
464,3
464,1
464,7
465,9
465,6
465,1
465,6
465,3
465,9
465,8
465,4
465,1
466,6
466,8
466,9
466,8
466,1
466,6
466,1
466,6
466,8
467,10
467,4
467,4
467,4
467,4
467,8
467,10
468,4
468,8
468,9
468,3
468,5
468,10
469,9
469,1
469,7
469,5
469,8
469,2
469,8
469,1
469,7
470,8
470,9
470,9
470,9
470,2
470,4
470,7
470,4
470,4
470,4
471,7
471,6
471,4
471,10
471,6
471,6
471,1
472,3
472,5
472,1
472,1
472,4
472,7
472,7
472,3
473,9
473,5
473,2
473,6
473,7
473,1
473,2
473,2
473,6
474,9
474,9
474,7
474,6
474,9
474,9
474,4
474,1
474,3
474,3
474,1
474,8
475,9
475,2
475,6
475,3
475,7
475,7
475,7
475,3
475,5
475,2
475,3
475,5
476,6
476,7
476,6
476,1
476,10
476,1
476,8
476,8
476,9
476,9
476,8
476,9
477,3
477,4
477,4
477,9
477,4
477,6
477,7
477,6
477,4
477,7
477,6
477,7
478,8
478,7
478,3
478,2
478,6
478,3
478,2
478,10
478,4
478,6
478,4
479,3
479,2
479,9
479,2
479,6
479,10
479,2
480,10
480,2
480,5
480,9
480,5
480,7
480,7
480,7
480,6
480,4
480,5
481,10
481,5
481,1
481,6
481,7
481,6
481,4
482,8
482,5
482,10
482,8
482,9
482,9
482,10
482,6
482,10
482,6
482,3
482,5
483,9
483,4
483,3
483,7
483,9
483,1
483,3
483,7
484,10
484,6
484,7
484,7
484,10
484,2
484,10
484,10
485,6
485,10
485,4
485,9
485,2
485,5
485,5
485,2
485,6
485,1
486,6
486,10
486,4
486,10
486,6
486,1
487,1
487,8
487,8
487,9
487,8
487,10
487,10
487,9
487,1
487,7
487,5
487,10
488,8
488,10
488,2
488,3
488,6
488,8
488,2
488,4
489,3
489,6
489,8
489,8
489,4
489,10
489,6
489,8
489,1
489,2
489,9
490,7
490,7
490,8
490,9
490,9
490,8
490,3
490,8
490,8
490,1
491,7
491,9
491,4
491,5
491,2
491,2
491,5
491,2
491,6
491,1
492,8
492,7
492,7
492,6
492,4
492,5
492,2
492,3
492,8
493,1
493,4
493,8
493,10
493,4
493,7
493,4
493,10
493,10
494,8
494,10
494,9
494,3
494,2
494,3
494,6
494,1
494,4
494,1
495,3
495,3
495,4
495,9
495,7
495,7
495,9
495,4
495,10
495,9
496,7
496,9
496,3
496,10
496,3
496,2
496,3
497,9
497,9
497,1
497,5
497,8
497,6
497,9
497,1
497,1
497,8
497,1
498,6
498,10
498,7
498,5
498,10
498,8
498,10
498,9
498,3
498,8
498,9
498,8
499,9
499,3
499,6
499,4
499,7
499,10
499,10
499,3
499,5
499,10
499,4
500,7
500,4
500,8
500,8
500,2
500,10
500,4
500,5
500,2
500,5
500,7
501,3
501,2
501,6
501,8
501,8
501,4
501,5
501,7
501,7
501,2
501,5
502,6
502,1
502,7
502,9
502,8
502,5
503,10
503,10
503,10
503,1
503,7
503,5
503,10
504,9
504,5
504,8
504,5
504,4
504,8
504,4
504,7
505,4
505,7
505,9
505,9
505,8
505,9
505,9
505,3
505,5
505,10
505,10
506,9
506,4
506,7
506,6
506,8
506,10
506,6
506,3
506,9
506,3
506,5
506,1
507,9
507,7
507,3
507,7
507,9
507,4
507,10
507,6
507,3
507,10
507,8
508,9
508,4
508,10
508,2
508,6
508,7
508,7
508,6
508,3
509,5
509,7
509,6
509,6
509,3
509,10
509,8
509,9
509,1
509,7
509,1
509,7
510,10
510,4
510,9
510,3
510,6
510,10
510,9
510,1
511,4
511,6
511,2
511,7
511,9
511,3
511,1
511,2
511,8
511,1
512,6
512,8
512,1
512,7
512,5
512,10
513,8
513,10
513,4
513,6
513,4
513,6
513,1
514,8
514,1
514,2
514,6
514,4
514,6
514,3
514,2
515,9
515,1
515,1
515,7
515,6
515,6
515,3
515,7
516,6
516,5
516,10
516,10
516,10
516,1
516,7
516,5
516,1
517,10
517,6
517,3
517,8
517,10
517,2
517,2
517,6
517,8
517,7
517,6
518,9
518,2
518,6
518,7
518,6
518,7
518,1
519,5
519,3
519,10
519,8
519,3
519,1
520,9
520,4
520,1
520,7
520,9
520,9
520,4
520,7
520,5
521,4
521,7
521,1
521,2
521,6
521,7
521,9
521,5
521,2
521,4
521,10
521,6
522,3
522,2
522,10
522,6
522,3
522,8
522,10
522,6
523,6
523,1
523,10
523,10
523,10
523,9
523,10
524,1
524,4
524,10
524,1
524,7
524,9
524,8
524,9
524,8
524,1
524,6
525,9
525,4
525,7
525,6
525,4
525,7
525,5
525,2
525,8
525,9
526,10
526,4
526,6
526,6
526,1
526,7
527,3
527,5
527,9
527,7
527,7
527,10
527,2
527,9
527,5
527,1
527,8
527,8
528,5
528,10
528,4
528,1
528,8
528,9
528,8
528,9
528,8
529,7
529,6
529,6
529,3
529,10
529,6
529,4
529,6
530,3
530,2
530,2
530,5
530,9
530,10
530,5
530,2
530,6
530,10
531,2
531,4
531,1
531,9
531,8
531,9
531,8
532,7
532,1
532,9
532,10
532,9
532,2
532,5
532,7
532,9
533,2
533,3
533,8
533,9
533,7
533,8
533,3
533,10
533,1
533,9
534,7
534,1
534,2
534,2
534,6
534,3
535,9
535,10
535,5
535,2
535,3
535,2
535,5
535,9
535,5
536,9
536,1
536,1
536,3
536,1
536,2
536,1
536,7
536,5
536,2
536,1
537,3
537,5
537,1
537,3
537,7
537,7
537,1
537,9
537,1
537,2
537,6
537,7
538,10
538,9
538,3
538,6
538,4
538,5
539,8
539,10
539,9
539,1
539,2
539,5
539,10
539,3
539,9
539,7
539,6
540,8
540,9
540,9
540,1
540,1
540,7
540,1
540,8
540,9
540,5
540,7
540,6
541,6
541,1
541,8
541,3
541,2
541,2
541,1
541,10
541,9
541,3
541,5
541,10
542,6
542,7
542,4
542,10
542,7
542,1
542,10
542,1
542,7
542,4
542,1
542,3
543,9
543,4
543,7
543,9
543,2
543,10
544,9
544,5
544,6
544,3
544,7
544,9
544,7
544,8
544,6
544,9
544,6
544,5
545,1
545,8
545,1
545,7
545,5
545,2
545,8
546,8
546,10
546,9
546,2
546,6
546,7
546,6
546,2
547,3
547,6
547,3
547,7
547,6
547,8
547,2
547,6
548,10
548,8
548,5
548,8
548,8
548,9
548,9
549,1
549,6
549,3
549,2
549,1
549,8
549,9
549,3
550,4
550,5
550,5
550,4
550,6
550,7
550,2
550,5
550,6
551,10
551,6
551,6
551,7
551,6
551,6
552,10
552,9
552,2
552,6
552,6
552,1
552,9
552,3
553,8
553,10
553,6
553,4
553,4
553,7
553,7
553,7
553,6
553,3
554,7
554,7
554,1
554,3
554,2
554,3
555,10
555,1
555,2
555,3
555,10
555,4
555,8
556,4
556,1
556,10
556,1
556,8
556,9
556,8
556,1
557,8
557,8
557,9
557,2
557,10
557,9
558,9
558,4
558,6
558,3
558,7
558,5
558,10
558,9
558,1
558,3
558,2
559,6
559,8
559,4
559,4
559,3
559,10
559,2
560,4
560,4
560,5
560,2
560,10
560,1
560,8
560,3
561,4
561,5
561,2
561,6
561,4
561,5
561,2
561,4
562,4
562,1
562,6
562,8
562,9
562,8
562,3
562,8
563,10
563,7
563,6
563,4
563,10
563,4
564,10
564,4
564,8
564,9
564,8
564,3
564,8
564,10
564,10
564,1
564,7
564,5
565,4
565,10
565,1
565,7
565,6
565,1
565,10
565,1
565,7
565,5
566,10
566,3
566,10
566,4
566,5
566,7
566,9
567,1
567,2
567,4
567,3
567,10
567,8
568,7
568,2
568,2
568,8
568,6
568,2
569,4
569,9
569,2
569,2
569,6
569,10
569,4
570,5
570,3
570,6
570,3
570,10
570,8
571,7
571,7
571,7
571,7
571,6
571,2
571,5
572,6
572,10
572,1
572,7
572,6
572,1
572,7
572,8
572,9
573,6
573,10
573,1
573,10
573,4
573,8
573,8
573,10
573,4
573,10
573,1
573,10
574,9
574,8
574,9
574,3
574,5
574,4
574,7
574,1
574,3
575,6
575,6
575,3
575,6
575,3
575,3
575,1
575,1
575,2
575,2
576,5
576,2
576,6
576,3
576,7
576,3
576,1
576,7
576,5
577,10
577,6
577,6
577,3
577,7
577,7
577,9
577,2
577,3
577,6
577,8
577,9
578,9
578,7
578,1
578,2
578,2
578,8
578,5
579,6
579,10
579,2
579,4
579,6
579,8
579,9
579,4
579,10
579,2
579,2
580,6
580,5
580,10
580,1
580,6
580,3
580,4
580,6
581,9
581,5
581,3
581,7
581,6
581,9
581,5
581,4
581,6
581,9
581,7
581,9
582,8
582,6
582,3
582,1
582,7
582,1
582,7
582,8
583,3
583,2
583,6
583,8
583,1
583,1
583,2
583,6
583,7
583,2
583,7
583,1
584,7
584,9
584,3
584,8
584,9
584,8
584,5
584,10
584,4
584,7
584,5
584,10
585,3
585,2
585,10
585,6
585,6
585,8
585,10
585,6
585,3
585,6
586,10
586,1
586,8
586,10
586,7
586,9
587,3
587,10
587,2
587,2
587,5
587,2
587,10
588,10
588,2
588,4
588,7
588,9
588,1
589,10
589,10
589,4
589,3
589,5
589,1
589,3
589,4
589,1
589,10
589,5
590,9
590,5
590,2
590,10
590,6
590,3
591,6
591,5
591,5
591,10
591,10
591,7
591,4
591,1
591,4
591,7
591,1
592,10
592,6
592,1
592,3
592,9
592,2
593,1
593,6
593,1
593,10
593,9
593,7
593,9
594,10
594,5
594,8
594,3
594,2
594,5
594,7
594,7
595,10
595,4
595,1
595,3
595,2
595,6
595,8
595,5
595,2
596,6
596,5
596,10
596,1
596,9
596,8
596,8
596,9
596,8
597,10
597,8
597,8
597,8
597,5
597,5
597,1
597,2
597,6
597,6
597,7
597,6
598,7
598,2
598,5
598,10
598,3
598,4
598,4
598,5
598,7
598,6
599,1
599,7
599,6
599,3
599,1
599,8
599,3
600,8
600,7
600,10
600,2
600,6
600,8
601,4
601,7
601,5
601,10
601,7
601,9
601,3
601,8
601,3
601,8
601,9
602,7
602,9
602,5
602,2
602,6
602,3
602,2
602,5
602,5
603,8
603,8
603,10
603,6
603,8
603,8
603,10
603,6
603,4
603,10
604,1
604,7
604,7
604,5
604,8
604,8
604,3
604,5
605,10
605,4
605,10
605,9
605,5
605,10
605,6
605,6
605,5
605,5
606,9
606,5
606,2
606,2
606,1
606,5
606,3
606,1
607,3
607,6
607,6
607,7
607,7
607,7
607,1
607,3
607,9
608,8
608,10
608,6
608,7
608,6
608,10
608,2
608,6
608,10
608,4
609,9
609,8
609,9
609,8
609,3
609,6
609,7
609,8
609,8
610,9
610,4
610,8
610,6
610,1
610,7
611,10
611,2
611,5
611,9
611,2
611,5
611,9
611,10
611,9
611,3
611,9
611,1
612,4
612,1
612,4
612,1
612,7
612,6
612,3
612,9
612,8
612,9
612,1
613,4
613,7
613,6
613,10
613,4
613,5
613,2
613,6
614,6
614,1
614,5
614,10
614,8
614,2
614,6
614,1
614,10
615,8
615,4
615,1
615,6
615,7
615,6
615,3
615,6
615,1
615,7
615,5
615,10
616,9
616,7
616,6
616,10
616,10
616,10
616,5
616,8
617,4
617,7
617,7
617,1
617,2
617,6
617,1
617,2
617,10
617,4
617,9
617,4
618,8
618,10
618,6
618,8
618,10
618,10
619,4
619,2
619,1
619,4
619,3
619,1
619,3
619,5
619,8
619,3
619,8
620,4
620,6
620,10
620,9
620,8
620,4
620,7
620,9
620,9
620,8
620,9
621,9
621,9
621,9
621,1
621,7
621,6
621,3
622,8
622,10
622,2
622,6
622,4
622,6
622,3
623,4
623,7
623,1
623,7
623,9
623,8
623,1
623,7
623,7
623,8
624,9
624,1
624,7
624,1
624,3
624,1
624,2
624,2
624,1
625,6
625,5
625,4
625,1
625,7
625,2
625,1
625,7
625,5
625,7
626,9
626,3
626,2
626,8
626,6
626,6
627,6
627,7
627,4
627,10
627,1
627,6
627,9
628,9
628,4
628,1
628,7
628,8
628,8
629,3
629,8
629,10
629,5
629,9
629,2
630,3
630,8
630,10
630,3
630,2
630,5
630,9
630,1
630,7
630,7
630,6
631,2
631,2
631,2
631,2
631,2
631,2
632,8
632,10
632,2
632,10
632,9
632,2
632,10
632,2
632,5
633,2
633,2
633,2
633,3
633,2
633,2
633,6
633,10
634,9
634,1
634,8
634,9
634,8
634,4
634,5
634,3
634,1
634,3
634,10
634,1
635,4
635,3
635,7
635,8
635,3
635,8
635,9
635,8
635,4
636,3
636,2
636,5
636,5
636,10
636,4
636,6
636,1
636,2
636,3
636,10
636,4
637,4
637,7
637,10
637,3
637,7
637,2
637,9
637,1
637,1
638,3
638,2
638,5
638,10
638,6
638,4
638,5
638,2
638,5
639,8
639,10
639,7
639,5
639,5
639,5
639,7
639,1
640,4
640,7
640,5
640,2
640,2
640,7
640,5
641,4
641,9
641,1
641,9
641,9
641,4
641,9
641,4
642,8
642,2
642,5
642,2
642,2
642,4
642,4
643,7
643,9
643,8
643,10
643,4
643,1
644,8
644,4
644,7
644,6
644,8
644,9
644,1
644,7
645,8
645,5
645,10
645,5
645,2
645,5
646,9
646,9
646,7
646,1
646,3
646,7
646,9
646,1
646,7
646,3
646,10
647,4
647,3
647,8
647,5
647,10
647,1
647,10
647,4
648,1
648,7
648,10
648,7
648,9
648,5
648,3
648,4
648,1
649,10
649,5
649,9
649,2
649,6
649,7
649,6
650,8
650,6
650,9
650,1
650,3
650,1
650,5
650,4
650,6
650,9
651,4
651,7
651,3
651,3
651,6
651,8
651,6
651,8
651,1
651,7
651,9
652,1
652,3
652,8
652,5
652,7
652,6
652,1
653,10
653,8
653,10
653,2
653,5
653,7
654,9
654,4
654,3
654,10
654,7
654,1
654,8
655,9
655,1
655,7
655,9
655,7
655,9
655,7
655,5
655,3
655,7
656,4
656,1
656,5
656,10
656,9
656,8
656,8
656,5
657,5
657,2
657,10
657,1
657,2
657,8
657,1
657,10
657,5
657,2
657,1
658,6
658,5
658,10
658,10
658,9
658,8
658,9
658,3
658,8
658,9
658,9
659,10
659,3
659,2
659,6
659,1
659,1
659,10
659,10
660,1
660,9
660,8
660,5
660,9
660,9
660,3
660,8
661,8
661,10
661,8
661,5
661,4
661,6
662,3
662,8
662,8
662,2
662,5
662,7
662,1
662,3
662,8
663,5
663,6
663,10
663,7
663,7
663,9
663,3
664,10
664,6
664,4
664,7
664,6
664,1
665,10
665,5
665,10
665,9
665,9
665,3
666,10
666,2
666,2
666,5
666,2
666,6
666,6
667,9
667,8
667,8
667,8
667,5
667,1
667,3
668,1
668,10
668,9
668,8
668,1
668,6
669,3
669,2
669,9
669,1
669,9
669,3
669,2
669,10
669,2
669,6
669,4
669,6
670,5
670,10
670,9
670,3
670,8
670,9
670,7
670,3
670,5
670,5
671,6
671,10
671,2
671,6
671,1
671,10
671,9
671,1
672,4
672,6
672,1
672,10
672,2
672,1
673,4
673,2
673,7
673,1
673,2
673,3
674,1
674,2
674,8
674,8
674,1
674,7
674,9
674,4
674,8
674,9
674,3
675,8
675,9
675,3
675,8
675,8
675,1
675,2
675,5
676,7
676,1
676,7
676,9
676,7
676,8
677,7
677,5
677,10
677,6
677,8
677,10
677,10
678,6
678,9
678,8
678,8
678,3
678,5
678,10
678,10
678,10
678,10
679,9
679,6
679,1
679,7
679,3
679,10
679,7
679,9
680,7
680,9
680,8
680,1
680,2
680,10
681,4
681,1
681,7
681,8
681,9
681,8
681,10
681,2
682,9
682,10
682,4
682,10
682,10
682,7
683,8
683,8
683,9
683,1
683,2
683,3
683,9
684,3
684,2
684,6
684,3
684,2
684,5
684,5
684,1
684,2
685,7
685,2
685,4
685,2
685,5
685,9
685,5
685,10
685,5
686,9
686,8
686,4
686,7
686,8
686,1
686,7
686,6
686,10
686,1
686,6
687,1
687,5
687,10
687,8
687,9
687,3
687,8
688,9
688,7
688,6
688,3
688,10
688,1
688,8
688,1
688,2
689,1
689,7
689,8
689,9
689,8
689,3
690,9
690,1
690,2
690,2
690,5
690,4
690,4
691,8
691,10
691,6
691,2
691,6
691,1
691,3
691,9
692,4
692,6
692,2
692,6
692,1
692,3
692,2
693,8
693,1
693,2
693,3
693,8
693,10
693,9
693,1
693,2
694,3
694,2
694,6
694,1
694,2
694,6
694,4
694,1
694,9
695,9
695,1
695,9
695,3
695,1
695,10
695,6
695,7
695,1
695,2
695,3
695,7
696,5
696,10
696,1
696,6
696,7
696,4
696,1
696,7
696,5
696,8
697,6
697,1
697,9
697,10
697,1
697,5
698,1
698,9
698,8
698,5
698,9
698,3
698,8
698,10
698,1
698,6
699,9
699,1
699,3
699,5
699,2
699,7
699,9
699,1
700,9
700,3
700,1
700,2
700,2
700,8
700,9
700,7
700,7
701,8
701,1
701,2
701,5
701,9
701,5
701,1
701,2
701,10
701,2
702,4
702,2
702,3
702,8
702,3
702,9
702,8
703,6
703,10
703,5
703,10
703,5
703,10
703,5
703,10
704,6
704,10
704,10
704,4
704,1
704,7
704,9
704,8
704,5
705,6
705,1
705,7
705,7
705,1
705,6
705,1
705,8
705,9
705,8
706,9
706,9
706,8
706,8
706,10
706,1
706,6
707,6
707,10
707,9
707,3
707,6
707,10
707,5
707,5
707,8
708,6
708,3
708,6
708,10
708,1
708,9
708,8
709,9
709,2
709,4
709,5
709,10
709,6
709,10
709,2
709,6
709,3
710,6
710,1
710,1
710,1
710,6
710,10
710,1
710,7
711,9
711,8
711,9
711,8
711,4
711,1
711,5
711,10
711,9
711,8
711,8
712,9
712,1
712,7
712,2
712,10
712,8
712,3
712,5
712,7
712,6
713,2
713,2
713,10
713,5
713,10
713,1
713,6
713,1
713,7
713,2
713,3
714,7
714,7
714,1
714,2
714,6
714,2
714,6
715,1
715,7
715,9
715,1
715,1
715,5
715,4
716,9
716,3
716,8
716,5
716,1
716,3
716,8
716,10
716,5
717,3
717,5
717,7
717,7
717,1
717,7
718,10
718,9
718,10
718,6
718,4
718,10
718,4
718,9
718,4
719,4
719,3
719,8
719,1
719,5
719,7
719,9
719,9
720,3
720,2
720,6
720,7
720,6
720,8
720,10
720,6
721,1
721,7
721,5
721,5
721,10
721,10
721,4
722,9
722,4
722,1
722,7
722,9
722,8
723,10
723,3
723,10
723,6
723,1
723,4
723,10
723,6
723,9
723,10
724,6
724,1
724,3
724,8
724,8
724,1
724,7
724,9
724,8
724,10
724,9
725,10
725,2
725,6
725,7
725,6
725,3
725,2
725,5
726,9
726,1
726,2
726,5
726,7
726,1
726,3
726,2
726,4
727,1
727,3
727,1
727,7
727,3
727,1
727,7
727,6
727,4
727,7
727,3
728,4
728,1
728,10
728,4
728,1
728,10
728,3
728,2
728,4
728,2
729,10
729,2
729,5
729,9
729,2
729,6
730,4
730,7
730,8
730,7
730,8
730,5
730,10
731,6
731,5
731,8
731,9
731,4
731,6
731,10
731,1
731,6
731,1
731,6
731,10
732,10
732,9
732,1
732,1
732,9
732,2
732,5
732,2
732,10
732,7
732,6
732,7
733,6
733,7
733,5
733,10
733,7
733,5
733,10
733,10
734,10
734,6
734,4
734,8
734,2
734,3
734,10
734,6
734,1
734,2
734,2
734,10
735,10
735,8
735,8
735,1
735,1
735,1
735,3
735,7
735,10
736,10
736,4
736,6
736,3
736,9
736,3
736,2
737,7
737,9
737,1
737,3
737,10
737,5
737,2
738,6
738,4
738,4
738,10
738,7
738,9
738,5
739,1
739,7
739,1
739,10
739,4
739,8
740,10
740,5
740,2
740,5
740,2
740,10
740,3
740,2
740,5
741,4
741,7
741,8
741,9
741,5
741,10
741,1
741,3
741,6
741,1
741,7
741,8
742,8
742,10
742,10
742,1
742,7
742,9
742,8
742,5
742,8
743,3
743,6
743,8
743,9
743,2
743,2
743,6
743,6
743,1
744,5
744,5
744,8
744,1
744,6
744,7
744,3
745,1
745,3
745,4
745,10
745,1
745,3
746,1
746,1
746,7
746,6
746,3
746,2
747,10
747,2
747,6
747,4
747,8
747,9
747,2
748,2
748,7
748,7
748,8
748,9
748,8
748,1
748,7
748,3
748,8
748,10
748,4
749,7
749,7
749,7
749,5
749,5
749,10
749,6
749,4
749,5
749,2
749,3
749,7
750,9
750,5
750,3
750,7
750,5
750,2
751,1
751,10
751,1
751,7
751,9
751,4
751,6
751,10
751,7
752,7
752,1
752,2
752,6
752,7
752,7
752,5
752,9
753,9
753,1
753,7
753,9
753,9
753,9
753,9
753,4
753,6
754,10
754,1
754,7
754,9
754,3
754,8
754,8
754,10
754,1
754,6
755,10
755,9
755,1
755,2
755,5
755,5
755,7
755,5
756,8
756,10
756,4
756,8
756,2
756,2
756,6
757,1
757,8
757,9
757,10
757,10
757,10
757,9
757,8
757,9
757,8
758,9
758,8
758,1
758,10
758,8
758,9
759,4
759,2
759,1
759,1
759,6
759,1
759,7
759,5
759,10
759,4
759,1
759,7
760,9
760,10
760,8
760,1
760,2
760,6
760,3
760,2
760,6
760,1
761,10
761,5
761,1
761,8
761,10
761,6
762,7
762,1
762,2
762,5
762,9
762,2
762,5
762,2
762,4
763,4
763,1
763,9
763,3
763,8
763,9
764,10
764,4
764,7
764,1
764,1
764,3
765,3
765,2
765,10
765,6
765,4
765,6
765,8
766,8
766,6
766,3
766,7
766,6
766,9
766,9
766,3
766,6
766,2
766,8
767,3
767,5
767,5
767,2
767,3
767,6
767,3
767,2
767,2
767,6
768,10
768,3
768,4
768,6
768,7
768,5
768,7
768,8
768,8
769,6
769,10
769,1
769,4
769,6
769,10
769,1
770,4
770,3
770,5
770,10
770,1
770,3
770,4
770,8
770,10
771,7
771,7
771,6
771,8
771,10
771,6
771,10
771,2
771,6
771,7
771,6
771,4
772,8
772,10
772,2
772,3
772,7
772,7
772,7
773,3
773,5
773,5
773,10
773,4
773,6
773,1
773,9
773,2
773,6
773,8
774,10
774,4
774,7
774,10
774,6
774,8
774,5
774,2
774,5
774,6
774,1
774,10
775,1
775,4
775,10
775,4
775,8
775,3
775,7
775,8
775,9
775,9
776,4
776,8
776,3
776,7
776,9
776,1
776,3
777,4
777,7
777,10
777,1
777,1
777,2
778,10
778,5
778,5
778,10
778,4
778,1
778,8
778,1
778,3
779,6
779,10
779,1
779,7
779,5
779,10
780,7
780,7
780,7
780,1
780,1
780,2
780,5
780,10
780,2
780,2
780,6
781,10
781,5
781,9
781,10
781,2
781,4
781,10
781,4
781,4
782,6
782,4
782,4
782,5
782,9
782,2
782,5
782,7
783,6
783,7
783,3
783,8
783,9
783,4
783,6
783,10
783,1
784,9
784,3
784,4
784,10
784,2
784,5
784,2
785,8
785,5
785,7
785,10
785,6
785,8
785,1
785,8
785,1
785,1
786,1
786,7
786,2
786,3
786,5
786,6
786,9
787,6
787,4
787,10
787,10
787,8
787,9
787,8
788,7
788,9
788,4
788,5
788,7
788,7
788,1
788,2
788,6
789,1
789,7
789,7
789,6
789,1
789,7
789,7
789,7
789,8
789,9
789,5
790,8
790,5
790,2
790,2
790,6
790,10
790,2
790,6
790,3
790,10
791,7
791,5
791,10
791,2
791,5
791,10
792,10
792,6
792,10
792,6
792,8
792,1
793,4
793,4
793,1
793,1
793,1
793,7
793,8
793,5
794,2
794,4
794,8
794,9
794,8
794,9
794,8
794,9
795,3
795,8
795,9
795,4
795,9
795,3
795,2
795,2
795,9
795,7
795,3
795,6
796,4
796,5
796,8
796,10
796,3
796,8
796,9
796,8
796,9
796,3
796,6
796,8
797,4
797,1
797,2
797,8
797,1
797,2
798,4
798,6
798,9
798,1
798,8
798,2
798,2
799,6
799,1
799,6
799,10
799,10
799,2
799,2
799,2
800,5
800,2
800,8
800,9
800,4
800,7
800,3
801,6
801,10
801,1
801,10
801,1
801,3
801,10
801,10
801,8
801,9
801,2
801,2
802,9
802,7
802,9
802,5
802,7
802,5
802,8
803,6
803,2
803,6
803,8
803,5
803,5
803,2
803,4
803,8
803,5
803,6
804,5
804,2
804,6
804,3
804,10
804,1
804,7
804,5
804,10
804,8
804,2
804,7
805,4
805,8
805,2
805,8
805,1
805,3
805,10
805,5
805,10
806,6
806,8
806,9
806,2
806,3
806,9
806,7
806,7
806,5
806,7
806,7
807,1
807,3
807,2
807,7
807,1
807,3
807,10
807,8
808,3
808,2
808,2
808,2
808,9
808,3
808,6
808,6
808,1
808,3
808,5
809,6
809,1
809,3
809,8
809,1
809,10
809,1
809,3
809,5
809,10
809,9
810,7
810,9
810,8
810,6
810,7
810,8
810,9
810,1
810,1
810,3
810,8
810,9
811,9
811,7
811,7
811,5
811,9
811,8
811,9
811,8
812,4
812,1
812,4
812,10
812,1
812,10
812,10
812,5
812,10
812,8
812,9
813,4
813,7
813,9
813,8
813,3
813,5
813,10
813,5
813,9
813,8
813,5
813,5
814,3
814,2
814,2
814,5
814,10
814,6
814,1
814,7
814,6
814,7
814,6
815,2
815,2
815,1
815,6
815,7
815,9
815,3
815,4
815,7
815,6
815,7
816,6
816,8
816,10
816,5
816,9
816,3
816,8
816,9
816,8
816,10
816,4
816,10
817,1
817,10
817,8
817,5
817,2
817,2
817,6
817,8
818,10
818,6
818,8
818,9
818,2
818,3
818,10
818,4
818,6
819,9
819,9
819,8
819,5
819,10
819,10
820,6
820,10
820,10
820,1
820,7
820,5
820,10
820,5
820,10
820,5
820,5
820,10
821,10
821,6
821,3
821,9
821,2
821,5
821,10
821,6
822,6
822,9
822,4
822,1
822,8
822,10
822,4
822,4
822,4
822,8
822,9
822,8
823,4
823,6
823,9
823,9
823,1
823,3
823,10
824,6
824,3
824,7
824,10
824,4
824,2
824,6
824,10
825,9
825,4
825,3
825,2
825,7
825,3
825,10
825,2
825,6
825,9
826,6
826,10
826,10
826,8
826,8
826,1
826,10
826,1
826,10
826,10
826,10
826,3
827,1
827,2
827,1
827,7
827,8
827,8
827,1
827,2
827,1
827,2
828,1
828,6
828,8
828,7
828,7
828,7
828,9
828,1
829,1
829,10
829,4
829,6
829,10
829,3
830,4
830,1
830,6
830,1
830,5
830,9
830,8
830,9
831,7
831,7
831,6
831,1
831,8
831,10
831,4
831,9
831,3
832,1
832,7
832,1
832,10
832,5
832,2
832,2
832,8
832,5
832,10
832,10
833,5
833,10
833,10
833,5
833,5
833,8
833,10
833,8
833,1
833,6
833,1
833,3
834,9
834,1
834,2
834,9
834,9
834,9
835,1
835,10
835,4
835,6
835,10
835,5
836,8
836,2
836,6
836,10
836,5
836,7
836,6
837,9
837,1
837,7
837,9
837,4
837,6
837,6
837,9
837,1
838,6
838,1
838,9
838,8
838,3
838,5
838,10
838,8
838,5
839,1
839,3
839,7
839,9
839,2
839,8
839,1
839,7
840,1
840,5
840,9
840,8
840,9
840,8
840,9
840,8
840,10
840,10
840,2
840,4
841,6
841,5
841,10
841,5
841,10
841,10
841,5
841,10
841,10
841,1
841,3
842,8
842,7
842,9
842,4
842,10
842,4
843,6
843,1
843,7
843,5
843,8
843,6
843,9
844,5
844,10
844,9
844,4
844,6
844,3
844,6
844,1
844,8
845,3
845,9
845,4
845,9
845,4
845,3
845,7
845,6
846,4
846,1
846,7
846,1
846,10
846,1
846,7
846,4
846,8
846,9
846,3
847,10
847,8
847,9
847,9
847,5
847,10
847,2
847,6
848,1
848,10
848,4
848,1
848,9
848,8
848,8
848,9
848,3
848,8
848,9
848,8
849,9
849,4
849,6
849,8
849,9
849,8
849,4
850,4
850,5
850,10
850,1
850,10
850,3
850,8
850,5
850,2
851,5
851,5
851,2
851,8
851,4
851,4
851,1
851,2
851,7
851,6
851,10
851,8
852,9
852,1
852,5
852,2
852,8
852,6
853,4
853,3
853,2
853,5
853,2
853,9
853,1
854,3
854,8
854,10
854,4
854,9
854,1
854,10
855,6
855,1
855,1
855,6
855,1
855,3
855,2
855,4
855,3
855,2
855,3
855,6
856,6
856,1
856,7
856,9
856,1
856,5
856,10
856,4
856,6
857,6
857,6
857,5
857,10
857,1
857,7
857,5
857,10
857,5
857,10
857,4
857,10
858,7
858,9
858,1
858,1
858,1
858,9
858,2
858,8
858,8
858,10
858,3
859,4
859,7
859,5
859,10
859,4
859,8
860,8
860,5
860,2
860,9
860,7
860,6
860,9
860,4
861,5
861,10
861,3
861,8
861,3
861,5
861,7
861,9
861,3
862,9
862,1
862,7
862,5
862,4
862,7
862,8
862,2
862,9
862,7
862,3
862,2
863,2
863,6
863,1
863,7
863,1
863,4
863,6
863,8
863,9
863,3
863,5
863,10
864,1
864,7
864,5
864,10
864,4
864,10
864,1
864,10
865,7
865,9
865,2
865,4
865,10
865,4
865,5
865,5
865,9
865,3
865,2
866,5
866,2
866,9
866,1
866,3
866,7
866,5
866,4
866,5
866,4
866,7
866,10
867,6
867,8
867,10
867,2
867,8
867,10
867,4
868,1
868,3
868,5
868,10
868,5
868,10
868,1
869,7
869,3
869,6
869,1
869,1
869,3
869,8
869,1
869,6
869,1
870,6
870,3
870,2
870,3
870,3
870,1
870,9
870,1
870,2
871,7
871,7
871,7
871,1
871,3
871,2
871,3
872,1
872,7
872,1
872,7
872,8
872,5
872,10
872,1
872,6
872,1
872,7
873,7
873,5
873,5
873,2
873,7
873,10
873,6
873,10
874,6
874,1
874,4
874,6
874,10
874,1
874,10
874,10
874,8
874,3
875,9
875,9
875,7
875,9
875,7
875,7
876,8
876,8
876,5
876,9
876,3
876,8
876,10
876,4
876,6
876,8
877,10
877,4
877,9
877,2
877,5
877,2
877,3
877,5
877,5
877,5
877,7
878,5
878,7
878,9
878,7
878,2
878,7
878,9
878,4
879,5
879,8
879,8
879,5
879,10
879,1
879,7
879,5
879,9
879,8
879,9
880,7
880,10
880,6
880,7
880,1
880,2
880,6
880,7
881,4
881,8
881,10
881,1
881,9
881,8
881,5
881,10
882,6
882,1
882,7
882,9
882,8
882,3
882,8
882,5
883,6
883,1
883,7
883,9
883,10
883,4
883,7
883,1
883,7
883,9
883,8
884,6
884,1
884,3
884,2
884,5
884,10
884,5
884,2
884,2
884,3
884,4
884,8
885,10
885,2
885,5
885,9
885,10
885,2
885,5
885,6
885,3
886,6
886,1
886,7
886,1
886,7
886,9
886,8
886,3
886,2
886,1
886,7
886,9
887,8
887,10
887,6
887,7
887,7
887,3
887,6
887,1
887,3
887,3
887,4
888,9
888,8
888,5
888,9
888,3
888,6
888,10
888,10
889,2
889,2
889,6
889,2
889,6
889,1
889,7
890,9
890,1
890,8
890,1
890,3
890,6
890,6
890,3
891,8
891,7
891,6
891,3
891,10
891,8
891,3
891,7
892,2
892,2
892,2
892,5
892,8
892,5
892,10
892,1
892,10
893,4
893,7
893,6
893,3
893,3
893,4
893,7
893,5
893,8
893,9
894,8
894,7
894,1
894,7
894,7
894,1
894,2
894,6
894,6
894,8
894,7
895,9
895,8
895,5
895,10
895,10
895,4
896,3
896,4
896,10
896,6
896,7
896,1
896,2
896,5
896,2
897,9
897,7
897,10
897,5
897,7
897,3
897,10
897,5
898,6
898,6
898,3
898,3
898,10
898,2
898,4
898,7
899,9
899,1
899,3
899,10
899,2
899,9
899,5
899,7
899,5
900,1
900,7
900,7
900,5
900,10
900,5
900,10
900,4
900,1
900,7
900,5
900,9
901,8
901,6
901,4
901,1
901,1
901,2
901,1
901,7
902,6
902,7
902,8
902,9
902,3
902,2
902,4
902,7
902,2
902,2
902,2
902,2
903,3
903,8
903,3
903,4
903,1
903,6
903,1
904,9
904,3
904,8
904,8
904,9
904,9
904,3
904,4
904,5
905,3
905,2
905,1
905,4
905,2
905,4
905,5
905,10
905,10
905,3
906,7
906,8
906,9
906,8
906,5
906,10
906,3
906,8
906,3
906,4
906,3
906,5
907,2
907,8
907,6
907,6
907,9
907,1
907,8
907,6
907,9
907,9
907,2
908,9
908,3
908,9
908,9
908,4
908,10
908,8
908,8
908,9
908,9
908,8
908,10
909,6
909,2
909,10
909,4
909,5
909,7
909,7
909,6
909,6
910,3
910,8
910,10
910,7
910,7
910,1
910,8
910,10
910,2
910,6
910,6
910,6
911,9
911,7
911,1
911,6
911,9
911,1
911,8
911,6
911,3
911,1
912,9
912,9
912,4
912,7
912,9
912,7
912,8
913,10
913,6
913,3
913,10
913,8
913,10
914,10
914,10
914,2
914,6
914,4
914,10
914,6
914,7
914,8
914,5
914,10
915,6
915,5
915,1
915,1
915,1
915,10
915,9
915,3
915,2
915,6
916,4
916,5
916,10
916,7
916,9
916,8
916,4
916,10
917,6
917,10
917,1
917,7
917,5
917,5
918,9
918,5
918,6
918,1
918,5
918,4
918,1
918,3
918,2
918,9
919,4
919,1
919,3
919,8
919,8
919,10
919,2
919,6
919,3
919,7
919,6
920,7
920,7
920,10
920,4
920,5
920,5
920,5
920,4
920,10
921,3
921,3
921,7
921,2
921,2
921,5
921,7
921,6
921,4
921,10
922,9
922,7
922,7
922,7
922,6
922,8
922,7
922,5
923,7
923,3
923,10
923,4
923,5
923,1
923,2
923,8
923,10
923,6
923,3
923,9
924,3
924,4
924,5
924,4
924,10
924,2
924,6
924,4
924,4
925,8
925,5
925,5
925,2
925,6
925,7
925,6
925,4
925,10
925,6
925,6
925,1
926,6
926,8
926,9
926,8
926,5
926,10
926,8
926,10
926,9
926,8
926,9
927,2
927,2
927,3
927,7
927,5
927,1
927,9
927,3
927,5
928,10
928,8
928,1
928,1
928,3
928,4
928,10
928,6
928,7
928,10
928,10
929,1
929,8
929,6
929,8
929,1
929,8
929,5
929,7
929,9
929,2
929,8
929,6
930,3
930,7
930,2
930,3
930,10
930,7
930,7
931,8
931,1
931,3
931,5
931,7
931,5
931,1
931,5
931,3
932,1
932,4
932,7
932,5
932,10
932,9
932,2
932,4
932,6
932,1
932,10
932,10
933,3
933,9
933,2
933,6
933,8
933,10
934,6
934,1
934,7
934,8
934,9
934,3
935,9
935,10
935,4
935,7
935,1
935,1
935,8
935,5
936,9
936,9
936,5
936,4
936,6
936,7
937,10
937,2
937,3
937,7
937,1
937,1
937,3
937,8
937,10
937,4
937,10
938,9
938,8
938,9
938,7
938,9
938,8
938,8
938,8
938,9
938,1
938,3
938,2
939,6
939,8
939,10
939,5
939,10
939,2
939,2
939,2
939,2
940,2
940,2
940,5
940,10
940,9
940,3
940,8
940,10
940,1
940,10
940,9
940,5
941,4
941,3
941,8
941,9
941,8
941,4
942,9
942,8
942,4
942,5
942,4
942,1
942,3
942,3
942,5
942,2
943,8
943,8
943,5
943,8
943,8
943,9
943,3
943,5
943,9
943,9
944,8
944,8
944,9
944,8
944,9
944,1
944,8
944,8
944,3
944,6
944,9
945,10
945,2
945,5
945,2
945,6
945,3
945,6
945,1
945,2
946,6
946,9
946,3
946,2
946,2
946,2
946,4
946,10
946,1
946,7
946,5
946,8
947,3
947,4
947,9
947,2
947,5
947,9
947,2
947,4
947,6
948,7
948,10
948,2
948,5
948,2
948,6
948,3
948,2
948,3
948,6
948,8
948,10
949,8
949,4
949,7
949,9
949,9
949,1
949,7
949,8
949,3
949,6
949,3
949,10
950,2
950,2
950,6
950,1
950,1
950,9
950,8
950,10
951,3
951,2
951,5
951,5
951,2
951,5
951,2
951,3
952,9
952,3
952,10
952,8
952,1
952,3
953,1
953,5
953,2
953,1
953,5
953,4
953,8
953,3
953,10
954,10
954,6
954,7
954,6
954,7
954,7
954,6
955,2
955,5
955,10
955,10
955,7
955,8
955,8
955,9
956,5
956,3
956,5
956,2
956,1
956,7
956,9
957,2
957,2
957,6
957,1
957,10
957,1
957,6
957,1
957,3
957,6
958,10
958,3
958,4
958,3
958,2
958,6
958,8
958,5
958,10
959,9
959,1
959,3
959,8
959,5
959,4
959,7
959,8
959,6
959,4
960,3
960,7
960,9
960,2
960,2
960,2
960,6
960,10
960,10
960,9
960,4
961,4
961,10
961,9
961,10
961,4
961,4
961,10
961,2
961,7
961,1
961,3
962,8
962,6
962,3
962,8
962,5
962,4
962,6
962,1
962,6
962,8
963,7
963,9
963,3
963,7
963,1
963,1
963,1
963,3
963,2
964,4
964,1
964,4
964,1
964,10
964,9
964,7
964,9
965,9
965,2
965,6
965,3
965,9
965,2
966,10
966,6
966,4
966,6
966,3
966,4
966,1
966,4
966,6
967,1
967,10
967,3
967,8
967,5
967,10
967,1
967,4
968,2
968,6
968,1
968,10
968,2
968,2
968,2
969,5
969,1
969,8
969,10
969,4
969,10
969,4
969,10
969,5
969,10
969,4
970,7
970,10
970,6
970,5
970,1
970,2
970,6
970,8
970,10
970,2
971,10
971,9
971,2
971,5
971,2
971,6
971,4
971,10
971,4
971,6
971,8
971,1
972,5
972,10
972,8
972,3
972,10
972,7
972,6
972,6
973,6
973,1
973,6
973,10
973,5
973,10
973,6
973,10
974,3
974,6
974,3
974,6
974,4
974,6
974,4
974,7
974,10
975,6
975,1
975,1
975,1
975,1
975,8
975,7
975,1
976,8
976,9
976,4
976,6
976,7
976,10
976,4
976,4
976,2
977,10
977,6
977,2
977,3
977,7
977,7
977,8
977,1
977,2
977,9
977,4
977,3
978,5
978,5
978,10
978,7
978,8
978,5
978,10
978,7
978,9
978,3
978,2
979,8
979,1
979,8
979,10
979,6
979,4
979,4
980,10
980,6
980,8
980,10
980,2
980,10
980,5
980,1
980,9
980,2
980,3
981,4
981,6
981,6
981,3
981,5
981,7
981,6
981,4
981,7
981,9
981,5
982,3
982,7
982,6
982,7
982,9
982,2
982,5
982,10
982,7
982,1
982,9
983,4
983,7
983,9
983,5
983,4
983,4
983,10
983,2
984,3
984,9
984,2
984,6
984,3
984,2
984,10
984,9
984,1
984,4
985,1
985,3
985,2
985,3
985,2
985,1
985,6
985,1
985,10
985,7
986,3
986,10
986,4
986,10
986,9
986,1
987,1
987,6
987,1
987,7
987,1
987,1
987,10
987,9
987,8
987,9
987,3
987,7
988,1
988,9
988,8
988,10
988,4
988,8
988,9
988,7
989,1
989,4
989,4
989,8
989,9
989,8
989,10
989,1
989,6
989,8
990,3
990,5
990,9
990,2
990,5
990,4
990,5
990,7
990,6
990,6
990,1
990,8
991,3
991,5
991,5
991,10
991,9
991,7
991,9
991,8
991,10
991,6
992,2
992,5
992,9
992,2
992,3
992,7
992,2
992,5
992,1
992,6
992,4
992,6
993,6
993,1
993,6
993,10
993,1
993,10
993,1
993,6
993,7
993,7
994,1
994,7
994,3
994,2
994,5
994,8
994,9
995,10
995,4
995,4
995,4
995,7
995,7
995,1
995,2
995,5
995,2
995,6
996,10
996,1
996,9
996,8
996,10
996,4
996,7
996,9
997,6
997,1
997,8
997,10
997,1
997,9
997,8
997,10
998,9
998,2
998,6
998,4
998,10
998,10
998,8
998,8
998,10
998,2
998,2
999,7
999,9
999,5
999,2
999,6
999,6
999,4
999,5
999,2
999,6
999,3
1000,6
1000,5
1000,10
1000,9
1000,4
1000,1
1000,6
1000,7
1000,9
1000,8
1000,10
1000,1
